tool,source,query,title,company,url,location,date,description_chars,salary_min,salary_max,salary_period,currency,fresher_plausible,audit_note
python,indeed,software engineer intern,Intern Development Engineer,HINDUSTAN STANDARDS BUREAU,https://in.indeed.com/viewjob?jk=e12df251bb7ec754,"KA, IN",2026-10-01T00:00:00.000,1090,373670.56,1604422.25,yearly,INR,0,"Unclear: title says intern, description requests deep platform engineering experience"
python,indeed,software engineer intern,Senior Software Engineer,Keka HR Payroll Software,https://in.indeed.com/viewjob?jk=6ac444c10c0fef9b,"KA, IN",2026-09-29T00:00:00.000,8073,,,,,0,Requires 3-5 years professional experience
python,indeed,software engineer intern,Weekday Testing Intern,Headstrong HR Consulting,https://in.indeed.com/viewjob?jk=a38acf73aacfe2c2,"KA, IN",2026-09-28T00:00:00.000,1748,,,,,1,QA internship
python,indeed,software engineer intern,Software Development Engineer - Intern,Pointo,https://in.indeed.com/viewjob?jk=6a468e883da81f3b,"KA, IN",2026-09-25T00:00:00.000,1388,,,,,0,Requires 1-2 years professional coding experience
python,indeed,software engineer intern,Software Development Engineer - Intern,Pointo,https://in.indeed.com/viewjob?jk=35caf831bbd1c060,"KA, IN",2026-09-25T00:00:00.000,1561,,,,,0,Requires 1-2 years professional coding experience
python,naukri,software engineer intern,Internship For Software Engineers - Freshers,Faveo Helpdesk,https://www.naukri.com/job-listings-internship-for-software-engineers-freshers-faveo-helpdesk-bengaluru-5-to-10-years-011026503621,"Bengaluru, India",,5092,,,,,0,Title/description conflict: software intern vs senior digital marketing; direct URL mentions UI/UX
python,naukri,software engineer intern,Intern - AI & Software Engineering,Alehar,https://www.naukri.com/job-listings-intern-ai-software-engineering-alehar-bengaluru-0-to-1-years-011026501251,"Bengaluru, India",,3691,30000.0,30000.0,monthly,INR,1,Student/graduate internship
python,naukri,software engineer intern,Software Development Engineer in Test / QA,Kapture Crm,https://www.naukri.com/job-listings-software-development-engineer-in-test-qa-kapture-crm-bengaluru-0-to-2-years-300926504636,"Bengaluru, India",,2957,,,,,1,Junior QA skills; college projects acceptable
python,naukri,software engineer intern,Software developer Intern,Smartcoin,https://www.naukri.com/job-listings-software-developer-intern-olyv-india-formerly-smartcoin-bengaluru-0-to-3-years-250926502615,"Bengaluru, India",,2350,,,,,1,Intern; no professional tenure stated
python,naukri,software engineer intern,Associate Enterprise Data Engineer,Emmess Services,https://www.naukri.com/job-listings-associate-enterprise-data-engineer-emmes-group-bengaluru-1-to-2-years-290926503693,"Bengaluru, India",,2818,,,,,1,1-2 years may include capstone/coursework/internships
python,naukri,software engineer intern,Full Stack Development Intern,Infilect,https://www.naukri.com/job-listings-full-stack-development-intern-infilect-bengaluru-0-to-1-years-250926501562,"Bengaluru, India",,2933,,,,,1,Students/recent graduates accepted
python,linkedin,software engineer intern,Software Engineer Intern,Weekday (YC W21),https://www.linkedin.com/jobs/view/4453416357,"Bengaluru, Karnataka, India",2026-10-01T00:00:00.000,2014,300000.0,600000.0,yearly,INR,1,Explicit zero years and student/recent graduate
python,linkedin,software engineer intern,Fullstack Intern,Alaan,https://www.linkedin.com/jobs/view/4472947831,"Bengaluru, Karnataka, India",2026-10-01T00:00:00.000,4163,,,,,1,Intern; coursework/projects accepted
python,linkedin,software engineer intern,AI Engineer - Internship,ClickPost,https://www.linkedin.com/jobs/view/4472928207,"Bengaluru, Karnataka, India",2026-10-01T00:00:00.000,4800,,,,,1,AI internship; practical skills required
python,linkedin,software engineer intern,Fullstack Developer- Internship,GreedyGame,https://www.linkedin.com/jobs/view/4473724223,"Bengaluru, Karnataka, India",2026-09-30T00:00:00.000,2512,,,,,1,0-1 years
python,linkedin,software engineer intern,Fullstack Developer - Intern,GreedyGame,https://www.linkedin.com/jobs/view/4472153913,"Bengaluru, Karnataka, India",2026-09-30T00:00:00.000,3963,,,,,0,Requires 6 months-1 year experience
python,linkedin,software engineer intern,Frontend Developer,Joveo,https://www.linkedin.com/jobs/view/4472136351,"Bengaluru, Karnataka, India",2026-09-30T00:00:00.000,2004,,,,,1,Description identifies software intern
python,linkedin,software engineer intern,Back End Developer,Joveo,https://www.linkedin.com/jobs/view/4472126753,"Bengaluru, Karnataka, India",2026-09-30T00:00:00.000,1991,,,,,1,Description identifies software intern
python,linkedin,software engineer intern,Software Engineer - Winter Intern,Rubrik,https://www.linkedin.com/jobs/view/4464049065,"Bengaluru, Karnataka, India",2026-09-29T00:00:00.000,4385,,,,,1,2027 circuital graduates only
python,linkedin,software engineer intern,Software Development Engineer Intern – Backend,Smytten,https://www.linkedin.com/jobs/view/4471337817,"Bengaluru, Karnataka, India",2026-09-28T00:00:00.000,4991,,,,,1,Pre-final/final year; degree/batch and availability checks needed
python,linkedin,software engineer intern,Software Engineer (CPD) - Winter Intern,Rubrik,https://www.linkedin.com/jobs/view/4464058017,"Bengaluru, Karnataka, India",2026-09-28T00:00:00.000,4574,,,,,1,2027 circuital graduates only
python,indeed,graduate engineer trainee,Trainee Engineer,GE HealthCare,https://in.indeed.com/viewjob?jk=a8c109dc551e12c5,"KA, IN",2026-10-01T00:00:00.000,4456,,,,,1,Recent graduate/up to 1 year
python,indeed,graduate engineer trainee,Graduate Engineering Trainee - Electrical,River Mobility,https://in.indeed.com/viewjob?jk=d1db69070827b23e,"KA, IN",2026-10-01T00:00:00.000,2277,,,,,1,0-2 years; college project experience
python,indeed,graduate engineer trainee,Graduate Engineer Trainee - Production,Plansee Group,https://in.indeed.com/viewjob?jk=3974baa1c3cce6bb,"KA, IN",2026-09-30T00:00:00.000,2751,,,,,1,Fresher/up to 1 year
python,indeed,graduate engineer trainee,Graduate Engineer Trainee - Design,Plansee Group,https://in.indeed.com/viewjob?jk=89338ce7db55f34b,"KA, IN",2026-09-29T00:00:00.000,2308,,,,,1,Graduate trainee; no required professional tenure stated
python,naukri,graduate engineer trainee,Graduate Engineer Trainee - Production,Plansee Group,https://www.naukri.com/job-listings-graduate-engineer-trainee-production-ceratizit-bengaluru-0-to-5-years-011026500178,"Bengaluru, India",2026-10-01T00:00:00.000,810,,,,,1,Graduate trainee; 0-5 range
python,naukri,graduate engineer trainee,PD Engineer Fresher,Si14 Semiconductor,https://www.naukri.com/job-listings-pd-engineer-fresher-si14-semiconductor-bengaluru-0-to-2-years-011026015095,"Bengaluru, India",2026-10-01T00:00:00.000,174,,,,,1,Fresher; 0-2 range
python,naukri,graduate engineer trainee,Graduate Engineer Trainee - Design,Plansee Group,https://www.naukri.com/job-listings-graduate-engineer-trainee-design-ceratizit-bengaluru-0-to-5-years-300926500196,"Bengaluru, India",2026-09-30T00:00:00.000,801,,,,,1,Graduate trainee; 0-5 range
python,naukri,graduate engineer trainee,Observability engineer,Tata Consultancy Services,https://www.naukri.com/job-listings-observability-engineer-tata-consultancy-services-hyderabad-chennai-bengaluru-8-to-10-years-300926002607,"Bengaluru, Hyderabad, Chennai, India",2026-09-30T00:00:00.000,587,,,,,0,8-10 years
python,naukri,graduate engineer trainee,Mechanical Engineer,Larsen & Toubro (L&T),https://www.naukri.com/job-listings-mechanical-engineer-larsen-toubro-l-t-bengaluru-0-to-0-years-290926022352,"Bengaluru, India",2026-09-29T00:00:00.000,457,50000.0,300000.0,yearly,INR,1,Fresher; 2024/2025 batch only
python,naukri,graduate engineer trainee,Walk in interview- Fluids - Accessories Engineer,Quest Global,https://www.naukri.com/job-listings-walk-in-interview-fluids-accessories-engineer-quest-global-chennai-bengaluru-6-to-11-years-280926032173,"Bengaluru, Chennai, India",2026-09-28T00:00:00.000,2844,,,,,0,6-11 years
python,naukri,graduate engineer trainee,Walk in interview- Fluids - Accessories Engineer- Bangalore,Quest Global,https://www.naukri.com/job-listings-walk-in-interview-fluids-accessories-engineer-bangalore-quest-global-chennai-bengaluru-6-to-11-years-280926032145,"Bengaluru, Chennai, India",2026-09-28T00:00:00.000,2844,,,,,0,6-11 years
python,naukri,graduate engineer trainee,IT Support Engineer - Freshers,Creative Hands HR,https://www.naukri.com/job-listings-it-support-engineer-freshers-creative-hands-hr-hyderabad-chennai-bengaluru-0-to-4-years-280926001141,"Bengaluru, Hyderabad, Chennai, India",2026-09-28T00:00:00.000,355,200000.0,450000.0,yearly,INR,1,Freshers accepted
python,naukri,graduate engineer trainee,"Electronics and Communication Engineer , Electronics Engineer Fresher",Nova Technologies,https://www.naukri.com/job-listings-electronics-and-communication-engineer-electronics-engineer-fresher-nova-technologies-hyderabad-chennai-bengaluru-0-to-1-years-250926036990,"Bengaluru, Hyderabad, Chennai, India",2026-09-25T00:00:00.000,1445,450000.0,650000.0,yearly,INR,1,Fresher; 0-1 range
python,naukri,graduate engineer trainee,Product Engineering and Design program,Mach Sci Tech,https://www.naukri.com/job-listings-product-engineering-and-design-program-mach-sci-tech-bengaluru-0-to-1-years-290926000171,India,,6230,,,,,0,Training program; employment offer unclear
python,linkedin,graduate engineer trainee,Graduate Engineer Trainee,Marmon Technologies India Pvt Ltd,https://www.linkedin.com/jobs/view/4474118999,"Bengaluru, Karnataka, India",2026-10-01T00:00:00.000,2297,,,,,1,0-1 years
python,linkedin,graduate engineer trainee,Graduate Engineer Trainee,Haruto Technologies LLP,https://www.linkedin.com/jobs/view/4472573047,"Bengaluru, Karnataka, India",2026-10-01T00:00:00.000,748,,,,,1,Explicit engineering freshers
python,linkedin,graduate engineer trainee,"Graduate Engineering Trainee - Electrical, Electronics",River,https://www.linkedin.com/jobs/view/4472906300,"Bengaluru, Karnataka, India",2026-10-01T00:00:00.000,2711,,,,,1,0-2 years
python,linkedin,graduate engineer trainee,Trainee Engineer,GE HealthCare,https://www.linkedin.com/jobs/view/4474392982,"Bengaluru, Karnataka, India",2026-10-01T00:00:00.000,4290,,,,,1,Recent graduate/up to 1 year
python,linkedin,graduate engineer trainee,Graduate Apprentice Trainee,Volvo Construction Equipment,https://www.linkedin.com/jobs/view/4465649189,"Bengaluru, Karnataka, India",2026-10-01T00:00:00.000,3541,,,,,1,Explicit engineering freshers
python,linkedin,graduate engineer trainee,Graduate Engineer Trainee,GE HealthCare,https://www.linkedin.com/jobs/view/4465055950,"Bengaluru, Karnataka, India",2026-09-30T00:00:00.000,5021,,,,,1,Recent graduate/up to 1 year
python,linkedin,graduate engineer trainee,Graduate Engineer Trainee - Production,CERATIZIT INDIA,https://www.linkedin.com/jobs/view/4472179057,"Bengaluru, Karnataka, India",2026-09-30T00:00:00.000,2725,,,,,1,Fresher/up to 1 year
python,linkedin,graduate engineer trainee,Graduate Engineering Trainee - Network Engineering,ZANSKAR RESEARCH,https://www.linkedin.com/jobs/view/4472186201,"Bangalore Urban, Karnataka, India",2026-09-30T00:00:00.000,3671,,,,,0,About 1 year professional network engineering experience
python,linkedin,graduate engineer trainee,Graduate Engineer Trainee - Design,CERATIZIT INDIA,https://www.linkedin.com/jobs/view/4471725004,"Bengaluru, Karnataka, India",2026-09-29T00:00:00.000,2290,,,,,1,Graduate trainee; no required professional tenure stated
python,linkedin,graduate engineer trainee,Management Trainee,Hitachi Energy,https://www.linkedin.com/jobs/view/4427902376,"Bengaluru, Karnataka, India",2026-09-28T00:00:00.000,1867,,,,,1,Fresh BTech; description publication date older than listing date
ts,indeed,software engineer intern,Intern Development Engineer,HINDUSTAN STANDARDS BUREAU,https://in.indeed.com/viewjob?jk=e12df251bb7ec754,"KA, IN",2026-10-01,1096,,,,,0,"Unclear: title says intern, description requests deep platform engineering experience"
ts,indeed,software engineer intern,Senior Software Engineer,Keka HR Payroll Software,https://in.indeed.com/viewjob?jk=6ac444c10c0fef9b,"KA, IN",2026-09-29,8176,,,,,0,Requires 3-5 years professional experience
ts,indeed,software engineer intern,Weekday Testing Intern,Headstrong HR Consulting,https://in.indeed.com/viewjob?jk=a38acf73aacfe2c2,"KA, IN",2026-09-28,1768,,,,,1,QA internship
ts,indeed,software engineer intern,Software Development Engineer - Intern,Pointo,https://in.indeed.com/viewjob?jk=6a468e883da81f3b,"KA, IN",2026-09-25,1372,,,,,0,Requires 1-2 years professional coding experience
ts,indeed,software engineer intern,Software Development Engineer - Intern,Pointo,https://in.indeed.com/viewjob?jk=35caf831bbd1c060,"KA, IN",2026-09-25,1545,,,,,0,Requires 1-2 years professional coding experience
ts,linkedin,software engineer intern,Software Engineer Intern,Weekday (YC W21),https://www.linkedin.com/jobs/view/4453416357,"Bengaluru, Karnataka, India",2026-10-01,2006,,,,,1,Explicit zero years and student/recent graduate
ts,linkedin,software engineer intern,Fullstack Intern,Alaan,https://www.linkedin.com/jobs/view/4472947831,"Bengaluru, Karnataka, India",2026-10-01,4194,,,,,1,Intern; coursework/projects accepted
ts,linkedin,software engineer intern,AI Engineer - Internship,ClickPost,https://www.linkedin.com/jobs/view/4472928207,"Bengaluru, Karnataka, India",2026-10-01,4952,,,,,1,AI internship; practical skills required
ts,linkedin,software engineer intern,Fullstack Developer- Internship,GreedyGame,https://www.linkedin.com/jobs/view/4473724223,"Bengaluru, Karnataka, India",2026-09-30,2661,,,,,1,0-1 years
ts,linkedin,software engineer intern,Fullstack Developer - Intern,GreedyGame,https://www.linkedin.com/jobs/view/4472153913,"Bengaluru, Karnataka, India",2026-09-30,3996,,,,,0,Requires 6 months-1 year experience
ts,linkedin,software engineer intern,Frontend Developer,Joveo,https://www.linkedin.com/jobs/view/4472136351,"Bengaluru, Karnataka, India",2026-09-30,2053,,,,,1,Description identifies software intern
ts,linkedin,software engineer intern,Back End Developer,Joveo,https://www.linkedin.com/jobs/view/4472126753,"Bengaluru, Karnataka, India",2026-09-30,2040,,,,,1,Description identifies software intern
ts,linkedin,software engineer intern,Software Engineer - Winter Intern,Rubrik,https://www.linkedin.com/jobs/view/4464049065,"Bengaluru, Karnataka, India",2026-09-29,4472,,,,,1,2027 circuital graduates only
ts,linkedin,software engineer intern,Software Development Engineer Intern – Backend,Smytten,https://www.linkedin.com/jobs/view/4471337817,"Bengaluru, Karnataka, India",2026-09-28,5172,,,,,1,Pre-final/final year; degree/batch and availability checks needed
ts,linkedin,software engineer intern,Software Engineer (CPD) - Winter Intern,Rubrik,https://www.linkedin.com/jobs/view/4464058017,"Bengaluru, Karnataka, India",2026-09-28,4658,,,,,1,2027 circuital graduates only
ts,indeed,graduate engineer trainee,Trainee Engineer,GE HealthCare,https://in.indeed.com/viewjob?jk=a8c109dc551e12c5,"KA, IN",2026-10-01,4356,,,,,1,Recent graduate/up to 1 year
ts,indeed,graduate engineer trainee,Graduate Engineering Trainee - Electrical,River Mobility,https://in.indeed.com/viewjob?jk=d1db69070827b23e,"KA, IN",2026-10-01,2315,,,,,1,0-2 years; college project experience
ts,indeed,graduate engineer trainee,Graduate Engineer Trainee - Production,Plansee Group,https://in.indeed.com/viewjob?jk=3974baa1c3cce6bb,"KA, IN",2026-09-30,2753,,,,,1,Fresher/up to 1 year
ts,indeed,graduate engineer trainee,Graduate Engineer Trainee - Design,Plansee Group,https://in.indeed.com/viewjob?jk=89338ce7db55f34b,"KA, IN",2026-09-29,2310,,,,,1,Graduate trainee; no required professional tenure stated
ts,linkedin,graduate engineer trainee,Graduate Engineer Trainee,Marmon Technologies India Pvt Ltd,https://www.linkedin.com/jobs/view/4474118999,"Bengaluru, Karnataka, India",2026-10-01,2343,,,,,1,0-1 years
ts,linkedin,graduate engineer trainee,Graduate Engineer Trainee,Haruto Technologies LLP,https://www.linkedin.com/jobs/view/4472573047,"Bengaluru, Karnataka, India",2026-10-01,775,,,,,1,Explicit engineering freshers
ts,linkedin,graduate engineer trainee,"Graduate Engineering Trainee - Electrical, Electronics",River,https://www.linkedin.com/jobs/view/4472906300,"Bengaluru, Karnataka, India",2026-10-01,2768,,,,,1,0-2 years
ts,linkedin,graduate engineer trainee,Trainee Engineer,GE HealthCare,https://www.linkedin.com/jobs/view/4474392982,"Bengaluru, Karnataka, India",2026-10-01,4418,,,,,1,Recent graduate/up to 1 year
ts,linkedin,graduate engineer trainee,Graduate Apprentice Trainee,Volvo Construction Equipment,https://www.linkedin.com/jobs/view/4465649189,"Bengaluru, Karnataka, India",2026-10-01,3622,,,,,1,Explicit engineering freshers
ts,linkedin,graduate engineer trainee,Graduate Engineer Trainee,GE HealthCare,https://www.linkedin.com/jobs/view/4465055950,"Bengaluru, Karnataka, India",2026-09-30,5153,,,,,1,Recent graduate/up to 1 year
ts,linkedin,graduate engineer trainee,Graduate Engineer Trainee - Production,CERATIZIT INDIA,https://www.linkedin.com/jobs/view/4472179057,"Bengaluru, Karnataka, India",2026-09-30,2819,,,,,1,Fresher/up to 1 year
ts,linkedin,graduate engineer trainee,Graduate Engineering Trainee - Network Engineering,ZANSKAR RESEARCH,https://www.linkedin.com/jobs/view/4472186201,"Bangalore Urban, Karnataka, India",2026-09-30,3763,,,,,0,About 1 year professional network engineering experience
ts,linkedin,graduate engineer trainee,Graduate Engineer Trainee - Design,CERATIZIT INDIA,https://www.linkedin.com/jobs/view/4471725004,"Bengaluru, Karnataka, India",2026-09-29,2380,,,,,1,Graduate trainee; no required professional tenure stated
ts,linkedin,graduate engineer trainee,Management Trainee,Hitachi Energy,https://www.linkedin.com/jobs/view/4427902376,"Bengaluru, Karnataka, India",2026-09-28,1862,,,,,1,Fresh BTech; description publication date older than listing date
